Workbook

Sheet Dashboard
B2: Forge: feature tracker
B3: Counts come from the Features sheet and update when you change Status or add rows.
B5: Total | C5: Done | D5: Partial | E5: Not started | F5: % done
B6: =COUNTA(Features!$A$2:$A$500) | C6: =COUNTIF(Features!$D$2:$D$500,"Done") | D6: =COUNTIF(Features!$D$2:$D$500,"Partial") | E6: =COUNTIF(Features!$D$2:$D$500,"Not started") | F6: =IF(B6=0,0,C6/B6)
B8: By area
B9: Area | C9: Done | D9: Partial | E9: Not started | F9: Total | G9: % done
B10: Editing | C10: =COUNTIFS(Features!$B$2:$B$500,$B10,Features!$D$2:$D$500,"Done") | D10: =COUNTIFS(Features!$B$2:$B$500,$B10,Features!$D$2:$D$500,"Partial") | E10: =COUNTIFS(Features!$B$2:$B$500,$B10,Features!$D$2:$D$500,"Not started") | F10: =SUM(C10:E10) | G10: =IF(F10=0,0,C10/F10)
B11: Navigation | C11: =COUNTIFS(Features!$B$2:$B$500,$B11,Features!$D$2:$D$500,"Done") | D11: =COUNTIFS(Features!$B$2:$B$500,$B11,Features!$D$2:$D$500,"Partial") | E11: =COUNTIFS(Features!$B$2:$B$500,$B11,Features!$D$2:$D$500,"Not started") | F11: =SUM(C11:E11) | G11: =IF(F11=0,0,C11/F11)
B12: Workbench | C12: =COUNTIFS(Features!$B$2:$B$500,$B12,Features!$D$2:$D$500,"Done") | D12: =COUNTIFS(Features!$B$2:$B$500,$B12,Features!$D$2:$D$500,"Partial") | E12: =COUNTIFS(Features!$B$2:$B$500,$B12,Features!$D$2:$D$500,"Not started") | F12: =SUM(C12:E12) | G12: =IF(F12=0,0,C12/F12)
B13: Terminal | C13: =COUNTIFS(Features!$B$2:$B$500,$B13,Features!$D$2:$D$500,"Done") | D13: =COUNTIFS(Features!$B$2:$B$500,$B13,Features!$D$2:$D$500,"Partial") | E13: =COUNTIFS(Features!$B$2:$B$500,$B13,Features!$D$2:$D$500,"Not started") | F13: =SUM(C13:E13) | G13: =IF(F13=0,0,C13/F13)
B14: Language servers | C14: =COUNTIFS(Features!$B$2:$B$500,$B14,Features!$D$2:$D$500,"Done") | D14: =COUNTIFS(Features!$B$2:$B$500,$B14,Features!$D$2:$D$500,"Partial") | E14: =COUNTIFS(Features!$B$2:$B$500,$B14,Features!$D$2:$D$500,"Not started") | F14: =SUM(C14:E14) | G14: =IF(F14=0,0,C14/F14)
B15: Source control | C15: =COUNTIFS(Features!$B$2:$B$500,$B15,Features!$D$2:$D$500,"Done") | D15: =COUNTIFS(Features!$B$2:$B$500,$B15,Features!$D$2:$D$500,"Partial") | E15: =COUNTIFS(Features!$B$2:$B$500,$B15,Features!$D$2:$D$500,"Not started") | F15: =SUM(C15:E15) | G15: =IF(F15=0,0,C15/F15)
B16: Debugging | C16: =COUNTIFS(Features!$B$2:$B$500,$B16,Features!$D$2:$D$500,"Done") | D16: =COUNTIFS(Features!$B$2:$B$500,$B16,Features!$D$2:$D$500,"Partial") | E16: =COUNTIFS(Features!$B$2:$B$500,$B16,Features!$D$2:$D$500,"Not started") | F16: =SUM(C16:E16) | G16: =IF(F16=0,0,C16/F16)
B17: Extensions | C17: =COUNTIFS(Features!$B$2:$B$500,$B17,Features!$D$2:$D$500,"Done") | D17: =COUNTIFS(Features!$B$2:$B$500,$B17,Features!$D$2:$D$500,"Partial") | E17: =COUNTIFS(Features!$B$2:$B$500,$B17,Features!$D$2:$D$500,"Not started") | F17: =SUM(C17:E17) | G17: =IF(F17=0,0,C17/F17)
B18: Text and files | C18: =COUNTIFS(Features!$B$2:$B$500,$B18,Features!$D$2:$D$500,"Done") | D18: =COUNTIFS(Features!$B$2:$B$500,$B18,Features!$D$2:$D$500,"Partial") | E18: =COUNTIFS(Features!$B$2:$B$500,$B18,Features!$D$2:$D$500,"Not started") | F18: =SUM(C18:E18) | G18: =IF(F18=0,0,C18/F18)
B19: Highlighting | C19: =COUNTIFS(Features!$B$2:$B$500,$B19,Features!$D$2:$D$500,"Done") | D19: =COUNTIFS(Features!$B$2:$B$500,$B19,Features!$D$2:$D$500,"Partial") | E19: =COUNTIFS(Features!$B$2:$B$500,$B19,Features!$D$2:$D$500,"Not started") | F19: =SUM(C19:E19) | G19: =IF(F19=0,0,C19/F19)
B20: Packaging | C20: =COUNTIFS(Features!$B$2:$B$500,$B20,Features!$D$2:$D$500,"Done") | D20: =COUNTIFS(Features!$B$2:$B$500,$B20,Features!$D$2:$D$500,"Partial") | E20: =COUNTIFS(Features!$B$2:$B$500,$B20,Features!$D$2:$D$500,"Not started") | F20: =SUM(C20:E20) | G20: =IF(F20=0,0,C20/F20)
B21: Total | C21: =SUM(C10:C20) | D21: =SUM(D10:D20) | E21: =SUM(E10:E20) | F21: =SUM(F10:F20) | G21: =IF(F21=0,0,C21/F21)
B23: Open items by priority
B24: Priority | C24: Partial | D24: Not started | E24: Open
B25: High | C25: =COUNTIFS(Features!$E$2:$E$500,$B25,Features!$D$2:$D$500,"Partial") | D25: =COUNTIFS(Features!$E$2:$E$500,$B25,Features!$D$2:$D$500,"Not started") | E25: =C25+D25
B26: Medium | C26: =COUNTIFS(Features!$E$2:$E$500,$B26,Features!$D$2:$D$500,"Partial") | D26: =COUNTIFS(Features!$E$2:$E$500,$B26,Features!$D$2:$D$500,"Not started") | E26: =C26+D26
B27: Low | C27: =COUNTIFS(Features!$E$2:$E$500,$B27,Features!$D$2:$D$500,"Partial") | D27: =COUNTIFS(Features!$E$2:$E$500,$B27,Features!$D$2:$D$500,"Not started") | E27: =C27+D27
B29: Done but not run in the app | E29: =COUNTIFS(Features!$F$2:$F$500,"Tests")+COUNTIFS(Features!$F$2:$F$500,"Not verified")
B30: (Verified = Tests or Not verified)

Sheet Features
A1: ID | B1: Area | C1: Feature | D1: Status | E1: Priority | F1: Verified | G1: Notes | H1: Owner | I1: Updated
A2: F-001 | B2: Editing | C2: Multi-cursor editing | D2: Done | F2: App | G2: Ctrl+D / Ctrl+Alt+Up/Down / Ctrl+Shift+L | I2: 46325
A3: F-002 | B3: Editing | C3: Find and replace in file | D3: Done | F3: App | I3: 46325
A4: F-003 | B4: Editing | C4: Find and Replace in Files | D4: Done | F4: App | I4: 46325
A5: F-004 | B5: Editing | C5: Code folding | D5: Done | F5: App | I5: 46325
A6: F-005 | B6: Editing | C6: Snippets | D6: Done | F6: App | G6: Prefix + Tab, popup, tab stops, mirrors, choices, variables, transforms; see F-104 to F-110 | I6: 46325
A7: F-006 | B7: Editing | C7: Format Document | D7: Done | F7: App | G7: Needs a language server; per-language tab size is used | I7: 46325
A8: F-007 | B8: Editing | C8: Format Selection | D8: Partial | E8: Medium | F8: Not verified | G8: Builds and sends rangeFormatting; never tried against a running language server | I8: 46325
A9: F-008 | B9: Editing | C9: Organize Imports | D9: Partial | E9: Medium | F9: Not verified | G9: Builds and sends source.organizeImports; never tried against a running language server | I9: 46325
A10: F-009 | B10: Editing | C10: Auto Save (afterDelay / onFocusChange) | D10: Done | F10: App | G10: Saves only the file in front (afterDelay); format on save is not run by it | I10: 46325
A11: F-010 | B11: Editing | C11: Per-language settings ([lang] blocks) | D11: Partial | E11: Low | F11: Tests | G11: Only editor.tabSize / insertSpaces / formatOnSave are read; other settings are global | I11: 46325
A12: F-011 | B12: Editing | C12: Word wrap and minimap | D12: Done | F12: App | I12: 46325
A13: F-012 | B13: Editing | C13: Emmet (HTML, JSX, CSS; Tab to expand) | D13: Done | F13: App | G13: A practical subset: no filters, no lorem, fewer CSS abbreviations | I13: 46325
A14: F-013 | B14: Editing | C14: Spell checking | D14: Not started | E14: Low | I14: 46325
A15: F-014 | B15: Editing | C15: Sticky scroll | D15: Done | F15: App | G15: From folding regions; hidden with word wrap on | I15: 46325
A16: F-015 | B16: Editing | C16: Linked editing (auto rename paired tags) | D16: Done | F16: App | G16: HTML, XML, JSX; not for other linked ranges a server might offer | I16: 46325
A17: F-016 | B17: Editing | C17: Drag and drop of text | D17: Not started | E17: Medium | I17: 46325
A18: F-017 | B18: Editing | C18: Bookmarks | D18: Not started | E18: Low | I18: 46325
A19: F-018 | B19: Editing | C19: Snippets in the completion popup | D19: Done | F19: App | G19: Language-server completions are still plain text (F-110) | I19: 46325
A20: F-019 | B20: Navigation | C20: Quick Open and Command Palette | D20: Done | F20: App | I20: 46325
A21: F-020 | B21: Navigation | C21: Go to Symbol / Line / Bracket | D21: Done | F21: App | I21: 46325
A22: F-021 | B22: Navigation | C22: Go Back / Go Forward (Alt+Left/Right) | D22: Done | F22: App | I22: 46325
A23: F-022 | B23: Navigation | C23: Reopen Closed Editor (Ctrl+Shift+T) | D23: Done | F23: App | I23: 46325
A24: F-023 | B24: Navigation | C24: Open Recent (Ctrl+R) | D24: Done | F24: App | I24: 46325
A25: F-024 | B25: Navigation | C25: Zen mode | D25: Done | F25: App | G25: Hides side bar and panel only | I25: 46325
A26: F-025 | B26: Navigation | C26: Compare two files | D26: Done | F26: App | G26: Uses git diff --no-index; git must be installed | I26: 46325
A27: F-026 | B27: Navigation | C27: Outline (symbol picker) | D27: Partial | E27: Medium | F27: App | G27: Picker only; no permanent tree view | I27: 46325
A28: F-027 | B28: Navigation | C28: Workspace symbol search (Ctrl+T) | D28: Not started | E28: Medium | G28: Needs workspace/symbol request and an overlay | I28: 46325
A29: F-028 | B29: Navigation | C29: Peek Definition / References | D29: Not started | E29: Medium | I29: 46325
A30: F-029 | B30: Navigation | C30: Call Hierarchy and Type Hierarchy | D30: Not started | E30: Low | I30: 46325
A31: F-030 | B31: Navigation | C31: Search Editor | D31: Not started | E31: Low | I31: 46325
A32: F-031 | B32: Workbench | C32: Menu bar (File Edit Selection View Go Run Terminal Help) | D32: Done | F32: App | G32: Mouse only | I32: 46325
A33: F-032 | B33: Workbench | C33: Menu bar access keys (Alt+F etc.) | D33: Not started | E33: Low | I33: 46325
A34: F-033 | B34: Workbench | C34: Explorer toolbar (New File / New Folder / Refresh / Collapse) | D34: Done | F34: App | G34: Refresh and Collapse: Collapse unit-tested | I34: 46325
A35: F-034 | B35: Workbench | C35: Explorer right-click menu for folders | D35: Done | F35: App | I35: 46325
A36: F-035 | B36: Workbench | C36: Explorer right-click menu for files | D36: Done | F36: App | I36: 46325
A37: F-036 | B37: Workbench | C37: Explorer right-click menu on empty space | D37: Done | F37: App | I37: 46325
A38: F-037 | B38: Workbench | C38: Explorer Cut / Copy / Paste of files | D38: Partial | E38: Medium | F38: Tests | G38: Unit-tested; not tried by mouse | I38: 46325
A39: F-038 | B39: Workbench | C39: Open to the Side | D39: Done | F39: App | G39: Ctrl+Enter with the Explorer focused | I39: 46325
A40: F-039 | B40: Workbench | C40: Find in Folder | D40: Done | F40: App | I40: 46325
A41: F-040 | B41: Workbench | C41: Tab right-click menu and pinning | D41: Done | F41: App | I41: 46325
A42: F-041 | B42: Workbench | C42: Split editor groups | D42: Done | F42: App | G42: Two groups | I42: 46325
A43: F-042 | B43: Workbench | C43: Settings page | D43: Done | F43: App | I43: 46325
A44: F-043 | B44: Workbench | C44: Resizable and remembered panels | D44: Done | F44: App | I44: 46325
A45: F-044 | B45: Workbench | C45: Session restore (open files and carets) | D45: Done | F45: App | I45: 46325
A46: F-045 | B46: Workbench | C46: Restore unsaved edits after restart | D46: Not started | E46: High | G46: Hot exit | I46: 46325
A47: F-046 | B47: Workbench | C47: Restore the second editor group's tabs | D47: Not started | E47: Medium | I47: 46325
A48: F-047 | B48: Workbench | C48: Drag and drop of tabs | D48: Not started | E48: Medium | G48: Files and folders in the Explorer can be dragged (F-097); tabs cannot | I48: 46325
A49: F-048 | B49: Workbench | C49: Multi-root workspaces | D49: Not started | E49: Medium | G49: Large architectural change; also needed for Add/Remove Folder from Workspace | I49: 46325
A50: F-049 | B50: Workbench | C50: Image viewer | D50: Done | F50: App | G50: PNG JPEG GIF BMP WebP ICO | I50: 46325
A51: F-050 | B51: Workbench | C51: Hex view for binary files | D51: Done | F51: App | G51: Read-only; first 256 KiB | I51: 46325
A52: F-051 | B52: Workbench | C52: Explorer menu: Share / Open Changes / Open on Remote / Timeline / Add to Chat | D52: Not started | E52: Low | G52: Need remote links and chat features that Forge does not have | I52: 46325
A53: F-052 | B53: Workbench | C53: Exit with unsaved changes warning | D53: Partial | E53: Low | F53: Not verified | G53: Asks once; second Exit discards | I53: 46325
A54: F-053 | B54: Terminal | C54: Integrated terminal with several tabs | D54: Done | F54: App | I54: 46325
A55: F-054 | B55: Terminal | C55: 5000 lines of scrollback | D55: Done | F55: App | I55: 46325
A56: F-055 | B56: Terminal | C56: Open terminal in a folder | D56: Done | F56: App | I56: 46325
A57: F-056 | B57: Language servers | C57: Completion, hover, signature help | D57: Done | F57: App | I57: 46325
A58: F-057 | B58: Language servers | C58: Go to definition, references, rename, quick fix | D58: Done | F58: App | I58: 46325
A59: F-058 | B59: Language servers | C59: Diagnostics | D59: Done | F59: App | I59: 46325
A60: F-059 | B60: Language servers | C60: Servers installed automatically | D60: Partial | E60: Low | F60: App | G60: Several servers (rust-analyzer gopls clangd jdtls csharp-ls ruby-lsp lua-language-server taplo sqls) must be installed by the user | I60: 46325
A61: F-060 | B61: Language servers | C61: Inlay hints | D61: Not started | E61: Medium | I61: 46325
A62: F-061 | B62: Language servers | C62: Semantic highlighting | D62: Not started | E62: Medium | I62: 46325
A63: F-062 | B63: Language servers | C63: Code Lens | D63: Not started | E63: Low | I63: 46325
A64: F-063 | B64: Source control | C64: Stage, commit, push, pull, sync, fetch, stash | D64: Done | F64: App | I64: 46325
A65: F-064 | B65: Source control | C65: Branches, history, blame | D65: Done | F65: App | I65: 46325
A66: F-065 | B66: Source control | C66: AI commit messages (OpenAI / Gemini) | D66: Partial | E66: Medium | F66: Tests | G66: Gemini endpoint reachable; a successful generation with a real key was never tested | I66: 46325
A67: F-066 | B67: Source control | C67: Side-by-side diffs | D67: Done | F67: App | I67: 46325
A68: F-067 | B68: Source control | C68: Hunk and line staging (including new files) | D68: Done | F68: App | I68: 46325
A69: F-068 | B69: Source control | C69: Discard hunk / selected lines | D69: Done | F69: App | I69: 46325
A70: F-069 | B70: Source control | C70: Merge-conflict resolution with base column | D70: Done | F70: App | G70: Base side cannot be accepted or edited | I70: 46325
A71: F-070 | B71: Source control | C71: Rebase, merge, continue / skip / abort | D71: Done | F71: App | I71: 46325
A72: F-071 | B72: Source control | C72: Interactive rebase | D72: Partial | E72: Low | F72: App | G72: No edit or break steps; no --rebase-merges | I72: 46325
A73: F-072 | B73: Source control | C73: Cherry-pick and revert | D73: Done | F73: App | I73: 46325
A74: F-073 | B74: Source control | C74: Login and GPG-passphrase prompts | D74: Done | F74: App | G74: Hardware-token PIN prompts not covered | I74: 46325
A75: F-074 | B75: Source control | C75: Cancel a running git operation | D75: Done | F75: App | I75: 46325
A76: F-075 | B76: Source control | C76: Commit graph and file timeline | D76: Done | F76: App | G76: Latest 400 commits and 12 lanes | I76: 46325
A77: F-076 | B77: Source control | C77: Submodules and worktrees | D77: Partial | E77: Low | F77: App | G77: No worktree for a new or remote branch; no per-submodule Source Control view | I77: 46325
A78: F-077 | B78: Source control | C78: Actions on a commit in the graph (checkout / cherry-pick / branch) | D78: Not started | E78: Medium | I78: 46325
A79: F-078 | B79: Source control | C79: Stash management beyond push and pop | D79: Not started | E79: Low | I79: 46325
A80: F-079 | B80: Source control | C80: File History and Copy Remote File URL from the Explorer | D80: Done | F80: App | G80: GitHub / GitLab / Bitbucket style remotes | I80: 46325
A81: F-080 | B81: Debugging | C81: Python debugging (debugpy) | D81: Done | F81: App | I81: 46325
A82: F-081 | B82: Debugging | C82: JavaScript / Node debugging | D82: Done | F82: App | I82: 46325
A83: F-082 | B83: Debugging | C83: Rust debugging (CodeLLDB) | D83: Done | F83: App | I83: 46325
A84: F-083 | B84: Debugging | C84: Conditional breakpoints | D84: Not started | E84: Medium | I84: 46325
A85: F-084 | B85: Debugging | C85: Watch expressions | D85: Not started | E85: Medium | I85: 46325
A86: F-085 | B86: Debugging | C86: More languages | D86: Not started | E86: Low | I86: 46325
A87: F-086 | B87: Extensions | C87: Install from Open VSX (themes, languages, grammars, snippets) | D87: Done | F87: App | I87: 46325
A88: F-087 | B88: Extensions | C88: Partial vscode API for running extension code | D88: Partial | E88: Medium | F88: Tests | G88: No third-party extension has been run yet | I88: 46325
A89: F-088 | B89: Extensions | C89: Webviews, tree views, terminals, notebooks, tasks APIs | D89: Not started | E89: Low | G89: See docs/EXTENSIONS_PLAN.md | I89: 46325
A90: F-089 | B90: Extensions | C90: Language-feature providers from extensions | D90: Not started | E90: Low | I90: 46325
A91: F-090 | B91: Text and files | C91: Non-monospace font layout | D91: Not started | E91: Low | G91: Layout assumes one cell per character | I91: 46325
A92: F-091 | B92: Text and files | C92: Files that are not UTF-8 | D92: Not started | E92: Low | G92: Such files open as a hex dump | I92: 46325
A93: F-092 | B93: Text and files | C93: Files over 64 MiB | D93: Not started | E93: Low | I93: 46325
A94: F-093 | B94: Highlighting | C94: 29 languages | D94: Done | F94: App | G94: Skipped above 4 MiB | I94: 46325
A95: F-094 | B95: Highlighting | C95: Embedded code (script / style in HTML; fenced Markdown) | D95: Partial | E95: Low | F95: App | G95: Not above 512 KiB; not in template strings or style attributes | I95: 46325
A96: F-095 | B96: Packaging | C96: Windows installer | D96: Partial | E96: High | F96: App | G96: dist\Forge-Setup-0.1.0.exe was built before the latest changes; rebuild it | I96: 46325
A97: F-096 | B97: Packaging | C97: Commit the work to git | D97: Not started | E97: High | G97: Nothing has been committed | I97: 46325
A98: F-097 | B98: Workbench | C98: Drag and drop files and folders in the Explorer (move; Ctrl copies; asks first) | D98: Done | F98: App | G98: Setting explorer.confirmDragAndDrop; drop on a folder, a file (next to it) or the empty area (project folder) | I98: 46325
A99: F-098 | B99: Workbench | C99: Drop files from Windows Explorer into the Explorer (copy) | D99: Partial | E99: Medium | F99: Not verified | G99: Drop handler is wired up; an OS drag could not be tried in testing | I99: 46325
A100: F-099 | B100: Workbench | C100: Open a folder while hovering a drag over it | D100: Not started | E100: Low | G100: VS Code expands folders after a short hover | I100: 46325
...

Sheet How to use
B2: How to use this tracker
B4: Add a feature | C4: Go to the Features sheet, type in the first empty row under the table (it grows by itself). Give it the next ID (F-097...). Dropdowns appear for Status, Priority and Verified.
B5: Finish a feature | C5: Change Status to Done, set Verified (App = tried in the running editor), and update the Updated date.
B6: Find what is left | C6: Use the filter arrows on the Features header: Status = Partial or Not started, then sort by Priority.
B7: Dashboard | C7: Counts and percentages are formulas over the Features sheet (rows 2 to 500). A new Area needs a new row on the Dashboard: copy an area row and change its name.
B8: Status | C8: Done = built and working. Partial = built with a known gap (see Notes). Not started = not built.
B9: Priority | C9: High / Medium / Low. Filled in for open items only; the values were set by Claude and are yours to change.
B10: Verified | C10: App = checked in the running editor. Tests = unit tests only. Not verified = builds, never run.
B11: Owner / Updated | C11: Free text and a date. Left blank for you to use.
B13: Example row | C13: F-097 | Editing | Bracket pair colorization | Not started | Low | (blank) | Needs tree-sitter bracket queries | (blank) | 2026-11-02
